{"cameraMode":{"drawMode":0,"name":"Shaded","section":"Shading Mode"},"sceneLighting":true,"audioPlay":false,"sceneViewState":{"showFog":true,"showMaterialUpdate":false,"showSkybox":true,"showFlares":true,"showImageEffects":true,"showParticleSystems":true,"showVisualEffectGraphs":true,"m_FxEnabled":true},"in2DMode":false,"pivot":{"x":-1143.01025390625,"y":10.866178512573243,"z":829.3877563476563},"rotation":{"x":0.7555773854255676,"y":0.001419560518115759,"z":-0.0015507551142945886,"w":0.6551047563552856},"size":2265.994384765625,"orthographic":true}