{"cameraMode":{"drawMode":0,"name":"Shaded","section":"Shading Mode"},"sceneLighting":true,"audioPlay":false,"sceneViewState":{"showFog":true,"showMaterialUpdate":false,"showSkybox":true,"showFlares":true,"showImageEffects":true,"showParticleSystems":true,"showVisualEffectGraphs":true,"m_FxEnabled":true},"in2DMode":false,"pivot":{"x":14.432466506958008,"y":48.464107513427737,"z":-16.239791870117189},"rotation":{"x":-0.19275633990764619,"y":0.48140138387680056,"z":-0.10942213237285614,"w":-0.8480363488197327},"size":290.9741516113281,"orthographic":true}